#Release 14.7 - par P.20131013 (nt64)
#Copyright (c) 1995-2013 Xilinx, Inc.  All rights reserved.

#Sun Aug 28 23:28:00 2022

#
## NOTE: This file is designed to be imported into a spreadsheet program
# such as Microsoft Excel for viewing, printing and sorting. The |
# character is used as the data field separator. This file is also designed
# to support parsing.
#
#INPUT FILE:       Ripple_Carry_Adder_64bit_map.ncd
#OUTPUT FILE:      Ripple_Carry_Adder_64bit_pad.csv
#PART TYPE:        xc7a100t
#SPEED GRADE:      -1
#PACKAGE:          csg324
#
# Pinout by Pin Number:
# 
# -----,-----,-----,-----,-----,-----,-----,-----,-----,-----,-----,-----,-----,-----,-----,
Pin Number,Signal Name,Pin Usage,Pin Name,Direction,IO Standard,IO Bank Number,Drive (mA),Slew Rate,Termination,IOB Delay,Voltage,Constraint,IO Register,Signal Integrity,
A1,in1<17>,IOB,IO_L9N_T1_DQS_AD7N_35,INPUT,LVCMOS18*,35,,,,NONE,,UNLOCATED,NO,NONE,
A2,,,GND,,,,,,,,,,,,
A3,in1<15>,IOB,IO_L8N_T1_AD14N_35,INPUT,LVCMOS18*,35,,,,NONE,,UNLOCATED,NO,NONE,
A4,in1<14>,IOB,IO_L8P_T1_AD14P_35,INPUT,LVCMOS18*,35,,,,NONE,,UNLOCATED,NO,NONE,
A5,in1<55>,IOB,IO_L3N_T0_DQS_AD5N_35,INPUT,LVCMOS18*,35,,,,NONE,,UNLOCATED,NO,NONE,
A6,in1<54>,IOB,IO_L3P_T0_DQS_AD5P_35,INPUT,LVCMOS18*,35,,,,NONE,,UNLOCATED,NO,NONE,
A7,,,VCCO_35,,,35,,,,,1.80,,,,
A8,,IOB33S,IO_L12N_T1_MRCC_16,UNUSED,,16,,,,,,,,,
A9,,IOB33S,IO_L14N_T2_SRCC_16,UNUSED,,16,,,,,,,,,
A10,,IOB33M,IO_L14P_T2_SRCC_16,UNUSED,,16,,,,,,,,,
A11,in1<7>,IOB,IO_L4N_T0_15,INPUT,LVCMOS18*,15,,,,NONE,,UNLOCATED,NO,NONE,
A12,,,GND,,,,,,,,,,,,
A13,in2<2>,IOB,IO_L9P_T1_DQS_AD3P_15,INPUT,LVCMOS18*,15,,,,NONE,,UNLOCATED,NO,NONE,
A14,in2<3>,IOB,IO_L9N_T1_DQS_AD3N_15,INPUT,LVCMOS18*,15,,,,NONE,,UNLOCATED,NO,NONE,
A15,in2<0>,IOB,IO_L8P_T1_AD10P_15,INPUT,LVCMOS18*,15,,,,NONE,,UNLOCATED,NO,NONE,
A16,in2<1>,IOB,IO_L8N_T1_AD10N_15,INPUT,LVCMOS18*,15,,,,NONE,,UNLOCATED,NO,NONE,
A17,,,VCCO_15,,,15,,,,,1.80,,,,
A18,in1<19>,IOB,IO_L10N_T1_AD11N_15,INPUT,LVCMOS18*,15,,,,NONE,,UNLOCATED,NO,NONE,
B1,in1<16>,IOB,IO_L9P_T1_DQS_AD7P_35,INPUT,LVCMOS18*,35,,,,NONE,,UNLOCATED,NO,NONE,
B2,in2<5>,IOB,IO_L10N_T1_AD15N_35,INPUT,LVCMOS18*,35,,,,NONE,,UNLOCATED,NO,NONE,
B3,in2<4>,IOB,IO_L10P_T1_AD15P_35,INPUT,LVCMOS18*,35,,,,NONE,,UNLOCATED,NO,NONE,
B4,in1<63>,IOB,IO_L7N_T1_AD6N_35,INPUT,LVCMOS18*,35,,,,NONE,,UNLOCATED,NO,NONE,
B5,,,GND,,,,,,,,,,,,
B6,in1<53>,IOB,IO_L2N_T0_AD12N_35,INPUT,LVCMOS18*,35,,,,NONE,,UNLOCATED,NO,NONE,
B7,in1<52>,IOB,IO_L2P_T0_AD12P_35,INPUT,LVCMOS18*,35,,,,NONE,,UNLOCATED,NO,NONE,
B8,,IOB33M,IO_L12P_T1_MRCC_16,UNUSED,,16,,,,,,,,,
B9,,IOB33S,IO_L11N_T1_SRCC_16,UNUSED,,16,,,,,,,,,
B10,,,VCCO_16,,,16,,,,,any******,,,,
B11,in1<6>,IOB,IO_L4P_T0_15,INPUT,LVCMOS18*,15,,,,NONE,,UNLOCATED,NO,NONE,
B12,in1<5>,IOB,IO_L3N_T0_DQS_AD1N_15,INPUT,LVCMOS18*,15,,,,NONE,,UNLOCATED,NO,NONE,
B13,in1<2>,IOB,IO_L2P_T0_AD8P_15,INPUT,LVCMOS18*,15,,,,NONE,,UNLOCATED,NO,NONE,
B14,in1<3>,IOB,IO_L2N_T0_AD8N_15,INPUT,LVCMOS18*,15,,,,NONE,,UNLOCATED,NO,NONE,
B15,,,GND,,,,,,,,,,,,
B16,in1<12>,IOB,IO_L7P_T1_AD2P_15,INPUT,LVCMOS18*,15,,,,NONE,,UNLOCATED,NO,NONE,
B17,in1<13>,IOB,IO_L7N_T1_AD2N_15,INPUT,LVCMOS18*,15,,,,NONE,,UNLOCATED,NO,NONE,
B18,in1<18>,IOB,IO_L10P_T1_AD11P_15,INPUT,LVCMOS18*,15,,,,NONE,,UNLOCATED,NO,NONE,
C1,in2<17>,IOB,IO_L16N_T2_35,INPUT,LVCMOS18*,35,,,,NONE,,UNLOCATED,NO,NONE,
C2,in2<14>,IOB,IO_L16P_T2_35,INPUT,LVCMOS18*,35,,,,NONE,,UNLOCATED,NO,NONE,
C3,,,VCCO_35,,,35,,,,,1.80,,,,
C4,in1<62>,IOB,IO_L7P_T1_AD6P_35,INPUT,LVCMOS18*,35,,,,NONE,,UNLOCATED,NO,NONE,
C5,in1<1>,IOB,IO_L1N_T0_AD4N_35,INPUT,LVCMOS18*,35,,,,NONE,,UNLOCATED,NO,NONE,
C6,in1<0>,IOB,IO_L1P_T0_AD4P_35,INPUT,LVCMOS18*,35,,,,NONE,,UNLOCATED,NO,NONE,
C7,in1<57>,IOB,IO_L4N_T0_35,INPUT,LVCMOS18*,35,,,,NONE,,UNLOCATED,NO,NONE,
C8,,,GND,,,,,,,,,,,,
C9,,IOB33M,IO_L11P_T1_SRCC_16,UNUSED,,16,,,,,,,,,
C10,,IOB33S,IO_L13N_T2_MRCC_16,UNUSED,,16,,,,,,,,,
C11,,IOB33M,IO_L13P_T2_MRCC_16,UNUSED,,16,,,,,,,,,
C12,in1<4>,IOB,IO_L3P_T0_DQS_AD1P_15,INPUT,LVCMOS18*,15,,,,NONE,,UNLOCATED,NO,NONE,
C13,,,VCCO_15,,,15,,,,,1.80,,,,
C14,in1<51>,IOB,IO_L1N_T0_AD0N_15,INPUT,LVCMOS18*,15,,,,NONE,,UNLOCATED,NO,NONE,
C15,in1<23>,IOB,IO_L12N_T1_MRCC_15,INPUT,LVCMOS18*,15,,,,NONE,,UNLOCATED,NO,NONE,
C16,in1<34>,IOB,IO_L20P_T3_A20_15,INPUT,LVCMOS18*,15,,,,NONE,,UNLOCATED,NO,NONE,
C17,in1<39>,IOB,IO_L20N_T3_A19_15,INPUT,LVCMOS18*,15,,,,NONE,,UNLOCATED,NO,NONE,
C18,,,GND,,,,,,,,,,,,
D1,,,GND,,,,,,,,,,,,
D2,in2<13>,IOB,IO_L14N_T2_SRCC_35,INPUT,LVCMOS18*,35,,,,NONE,,UNLOCATED,NO,NONE,
D3,in2<9>,IOB,IO_L12N_T1_MRCC_35,INPUT,LVCMOS18*,35,,,,NONE,,UNLOCATED,NO,NONE,
D4,in2<7>,IOB,IO_L11N_T1_SRCC_35,INPUT,LVCMOS18*,35,,,,NONE,,UNLOCATED,NO,NONE,
D5,in2<6>,IOB,IO_L11P_T1_SRCC_35,INPUT,LVCMOS18*,35,,,,NONE,,UNLOCATED,NO,NONE,
D6,,,VCCO_35,,,35,,,,,1.80,,,,
D7,in1<61>,IOB,IO_L6N_T0_VREF_35,INPUT,LVCMOS18*,35,,,,NONE,,UNLOCATED,NO,NONE,
D8,in1<56>,IOB,IO_L4P_T0_35,INPUT,LVCMOS18*,35,,,,NONE,,UNLOCATED,NO,NONE,
D9,,IOB33S,IO_L6N_T0_VREF_16,UNUSED,,16,,,,,,,,,
D10,,IOB33S,IO_L19N_T3_VREF_16,UNUSED,,16,,,,,,,,,
D11,,,GND,,,,,,,,,,,,
D12,in1<10>,IOB,IO_L6P_T0_15,INPUT,LVCMOS18*,15,,,,NONE,,UNLOCATED,NO,NONE,
D13,in1<11>,IOB,IO_L6N_T0_VREF_15,INPUT,LVCMOS18*,15,,,,NONE,,UNLOCATED,NO,NONE,
D14,in1<50>,IOB,IO_L1P_T0_AD0P_15,INPUT,LVCMOS18*,15,,,,NONE,,UNLOCATED,NO,NONE,
D15,in1<20>,IOB,IO_L12P_T1_MRCC_15,INPUT,LVCMOS18*,15,,,,NONE,,UNLOCATED,NO,NONE,
D16,,,VCCO_15,,,15,,,,,1.80,,,,
D17,in1<31>,IOB,IO_L16N_T2_A27_15,INPUT,LVCMOS18*,15,,,,NONE,,UNLOCATED,NO,NONE,
D18,in2<32>,IOB,IO_L21N_T3_DQS_A18_15,INPUT,LVCMOS18*,15,,,,NONE,,UNLOCATED,NO,NONE,
E1,in2<21>,IOB,IO_L18N_T2_35,INPUT,LVCMOS18*,35,,,,NONE,,UNLOCATED,NO,NONE,
E2,in2<12>,IOB,IO_L14P_T2_SRCC_35,INPUT,LVCMOS18*,35,,,,NONE,,UNLOCATED,NO,NONE,
E3,in2<8>,IOB,IO_L12P_T1_MRCC_35,INPUT,LVCMOS18*,35,,,,NONE,,UNLOCATED,NO,NONE,
E4,,,GND,,,,,,,,,,,,
E5,in1<59>,IOB,IO_L5N_T0_AD13N_35,INPUT,LVCMOS18*,35,,,,NONE,,UNLOCATED,NO,NONE,
E6,in1<58>,IOB,IO_L5P_T0_AD13P_35,INPUT,LVCMOS18*,35,,,,NONE,,UNLOCATED,NO,NONE,
E7,in1<60>,IOB,IO_L6P_T0_35,INPUT,LVCMOS18*,35,,,,NONE,,UNLOCATED,NO,NONE,
E8,,,VCCBATT_0,,,,,,,,,,,,
E9,,,CCLK_0,,,,,,,,,,,,
E10,,,TCK_0,,,,,,,,,,,,
E11,,,TDI_0,,,,,,,,,,,,
E12,,,TMS_0,,,,,,,,,,,,
E13,,,TDO_0,,,,,,,,,,,,
E14,,,GND,,,,,,,,,,,,
E15,in1<22>,IOB,IO_L11P_T1_SRCC_15,INPUT,LVCMOS18*,15,,,,NONE,,UNLOCATED,NO,NONE,
E16,in1<21>,IOB,IO_L11N_T1_SRCC_15,INPUT,LVCMOS18*,15,,,,NONE,,UNLOCATED,NO,NONE,
E17,in1<36>,IOB,IO_L16P_T2_A28_15,INPUT,LVCMOS18*,15,,,,NONE,,UNLOCATED,NO,NONE,
E18,in1<32>,IOB,IO_L21P_T3_DQS_15,INPUT,LVCMOS18*,15,,,,NONE,,UNLOCATED,NO,NONE,
F1,in2<16>,IOB,IO_L18P_T2_35,INPUT,LVCMOS18*,35,,,,NONE,,UNLOCATED,NO,NONE,
F2,,,VCCO_35,,,35,,,,,1.80,,,,
F3,in2<11>,IOB,IO_L13N_T2_MRCC_35,INPUT,LVCMOS18*,35,,,,NONE,,UNLOCATED,NO,NONE,
F4,in2<10>,IOB,IO_L13P_T2_MRCC_35,INPUT,LVCMOS18*,35,,,,NONE,,UNLOCATED,NO,NONE,
F5,cin,IOB,IO_0_35,INPUT,LVCMOS18*,35,,,,NONE,,UNLOCATED,NO,NONE,
F6,in2<18>,IOB,IO_L19N_T3_VREF_35,INPUT,LVCMOS18*,35,,,,NONE,,UNLOCATED,NO,NONE,
F7,,,GND,,,,,,,,,,,,
F8,,,VCCINT,,,,,,,,1.0,,,,
F9,,,GND,,,,,,,,,,,,
F10,,,VCCBRAM,,,,,,,,,,,,
F11,,,GND,,,,,,,,,,,,
F12,,,VCCAUX,,,,,,,,1.8,,,,
F13,in1<8>,IOB,IO_L5P_T0_AD9P_15,INPUT,LVCMOS18*,15,,,,NONE,,UNLOCATED,NO,NONE,
F14,in1<9>,IOB,IO_L5N_T0_AD9N_15,INPUT,LVCMOS18*,15,,,,NONE,,UNLOCATED,NO,NONE,
F15,in1<26>,IOB,IO_L14P_T2_SRCC_15,INPUT,LVCMOS18*,15,,,,NONE,,UNLOCATED,NO,NONE,
F16,in1<27>,IOB,IO_L14N_T2_SRCC_15,INPUT,LVCMOS18*,15,,,,NONE,,UNLOCATED,NO,NONE,
F17,,,GND,,,,,,,,,,,,
F18,in2<28>,IOB,IO_L22N_T3_A16_15,INPUT,LVCMOS18*,15,,,,NONE,,UNLOCATED,NO,NONE,
G1,in2<19>,IOB,IO_L17N_T2_35,INPUT,LVCMOS18*,35,,,,NONE,,UNLOCATED,NO,NONE,
G2,in2<15>,IOB,IO_L15N_T2_DQS_35,INPUT,LVCMOS18*,35,,,,NONE,,UNLOCATED,NO,NONE,
G3,in2<25>,IOB,IO_L20N_T3_35,INPUT,LVCMOS18*,35,,,,NONE,,UNLOCATED,NO,NONE,
G4,in2<24>,IOB,IO_L20P_T3_35,INPUT,LVCMOS18*,35,,,,NONE,,UNLOCATED,NO,NONE,
G5,,,VCCO_35,,,35,,,,,1.80,,,,
G6,in2<20>,IOB,IO_L19P_T3_35,INPUT,LVCMOS18*,35,,,,NONE,,UNLOCATED,NO,NONE,
G7,,,VCCINT,,,,,,,,1.0,,,,
G8,,,GND,,,,,,,,,,,,
G9,,,VCCINT,,,,,,,,1.0,,,,
G10,,,GND,,,,,,,,,,,,
G11,,,VCCBRAM,,,,,,,,,,,,
G12,,,GND,,,,,,,,,,,,
G13,in1<49>,IOB,IO_0_15,INPUT,LVCMOS18*,15,,,,NONE,,UNLOCATED,NO,NONE,
G14,in1<29>,IOB,IO_L15N_T2_DQS_ADV_B_15,INPUT,LVCMOS18*,15,,,,NONE,,UNLOCATED,NO,NONE,
G15,,,VCCO_15,,,15,,,,,1.80,,,,
G16,in1<25>,IOB,IO_L13N_T2_MRCC_15,INPUT,LVCMOS18*,15,,,,NONE,,UNLOCATED,NO,NONE,
G17,in1<35>,IOB,IO_L18N_T2_A23_15,INPUT,LVCMOS18*,15,,,,NONE,,UNLOCATED,NO,NONE,
G18,in2<31>,IOB,IO_L22P_T3_A17_15,INPUT,LVCMOS18*,15,,,,NONE,,UNLOCATED,NO,NONE,
H1,in2<23>,IOB,IO_L17P_T2_35,INPUT,LVCMOS18*,35,,,,NONE,,UNLOCATED,NO,NONE,
H2,in2<22>,IOB,IO_L15P_T2_DQS_35,INPUT,LVCMOS18*,35,,,,NONE,,UNLOCATED,NO,NONE,
H3,,,GND,,,,,,,,,,,,
H4,in1<37>,IOB,IO_L21N_T3_DQS_35,INPUT,LVCMOS18*,35,,,,NONE,,UNLOCATED,NO,NONE,
H5,in1<47>,IOB,IO_L24N_T3_35,INPUT,LVCMOS18*,35,,,,NONE,,UNLOCATED,NO,NONE,
H6,in1<43>,IOB,IO_L24P_T3_35,INPUT,LVCMOS18*,35,,,,NONE,,UNLOCATED,NO,NONE,
H7,,,GND,,,,,,,,,,,,
H8,,,VCCINT,,,,,,,,1.0,,,,
H9,,,GNDADC_0,,,,,,,,,,,,
H10,,,VCCADC_0,,,,,,,,,,,,
H11,,,GND,,,,,,,,,,,,
H12,,,VCCAUX,,,,,,,,1.8,,,,
H13,,,GND,,,,,,,,,,,,
H14,in1<28>,IOB,IO_L15P_T2_DQS_15,INPUT,LVCMOS18*,15,,,,NONE,,UNLOCATED,NO,NONE,
H15,in2<26>,IOB,IO_L19N_T3_A21_VREF_15,INPUT,LVCMOS18*,15,,,,NONE,,UNLOCATED,NO,NONE,
H16,in1<24>,IOB,IO_L13P_T2_MRCC_15,INPUT,LVCMOS18*,15,,,,NONE,,UNLOCATED,NO,NONE,
H17,in1<38>,IOB,IO_L18P_T2_A24_15,INPUT,LVCMOS18*,15,,,,NONE,,UNLOCATED,NO,NONE,
H18,,,VCCO_15,,,15,,,,,1.80,,,,
J1,,,VCCO_35,,,35,,,,,1.80,,,,
J2,in2<29>,IOB,IO_L22N_T3_35,INPUT,LVCMOS18*,35,,,,NONE,,UNLOCATED,NO,NONE,
J3,sum<20>,IOB,IO_L22P_T3_35,OUTPUT,LVCMOS18*,35,12,SLOW,,,,UNLOCATED,NO,NONE,
J4,in2<27>,IOB,IO_L21P_T3_DQS_35,INPUT,LVCMOS18*,35,,,,NONE,,UNLOCATED,NO,NONE,
J5,in1<41>,IOB,IO_25_35,INPUT,LVCMOS18*,35,,,,NONE,,UNLOCATED,NO,NONE,
J6,,,GND,,,,,,,,,,,,
J7,,,VCCINT,,,,,,,,1.0,,,,
J8,,,GND,,,,,,,,,,,,
J9,,,VREFN_0,,,,,,,,,,,,
J10,,IPAD,VP_0,UNUSED,,0,,,,,,,,,
J11,,,VCCINT,,,,,,,,1.0,,,,
J12,,,GND,,,,,,,,,,,,
J13,in1<33>,IOB,IO_L17N_T2_A25_15,INPUT,LVCMOS18*,15,,,,NONE,,UNLOCATED,NO,NONE,
J14,in2<33>,IOB,IO_L19P_T3_A22_15,INPUT,LVCMOS18*,15,,,,NONE,,UNLOCATED,NO,NONE,
J15,in1<45>,IOB,IO_L24N_T3_RS0_15,INPUT,LVCMOS18*,15,,,,NONE,,UNLOCATED,NO,NONE,
J16,,,GND,,,,,,,,,,,,
J17,in2<30>,IOB,IO_L23P_T3_FOE_B_15,INPUT,LVCMOS18*,15,,,,NONE,,UNLOCATED,NO,NONE,
J18,in2<35>,IOB,IO_L23N_T3_FWE_B_15,INPUT,LVCMOS18*,15,,,,NONE,,UNLOCATED,NO,NONE,
K1,in1<48>,IOB,IO_L23N_T3_35,INPUT,LVCMOS18*,35,,,,NONE,,UNLOCATED,NO,NONE,
K2,sum<22>,IOB,IO_L23P_T3_35,OUTPUT,LVCMOS18*,35,12,SLOW,,,,UNLOCATED,NO,NONE,
K3,sum<23>,IOB,IO_L2P_T0_34,OUTPUT,LVCMOS18*,34,12,SLOW,,,,UNLOCATED,NO,NONE,
K4,,,VCCO_34,,,34,,,,,1.80,,,,
K5,sum<29>,IOB,IO_L5P_T0_34,OUTPUT,LVCMOS18*,34,12,SLOW,,,,UNLOCATED,NO,NONE,
K6,in1<40>,IOB,IO_0_34,INPUT,LVCMOS18*,34,,,,NONE,,UNLOCATED,NO,NONE,
K7,,,GND,,,,,,,,,,,,
K8,,,VCCINT,,,,,,,,1.0,,,,
K9,,IPAD,VN_0,UNUSED,,0,,,,,,,,,
K10,,,VREFP_0,,,,,,,,,,,,
K11,,,GND,,,,,,,,,,,,
K12,,,VCCAUX,,,,,,,,1.8,,,,
K13,in1<30>,IOB,IO_L17P_T2_A26_15,INPUT,LVCMOS18*,15,,,,NONE,,UNLOCATED,NO,NONE,
K14,,,VCCO_15,,,15,,,,,1.80,,,,
K15,in1<46>,IOB,IO_L24P_T3_RS1_15,INPUT,LVCMOS18*,15,,,,NONE,,UNLOCATED,NO,NONE,
K16,in2<34>,IOB,IO_25_15,INPUT,LVCMOS18*,15,,,,NONE,,UNLOCATED,NO,NONE,
K17,sum<21>,IOB,IO_L1P_T0_D00_MOSI_14,OUTPUT,LVCMOS18*,14,12,SLOW,,,,UNLOCATED,NO,NONE,
K18,in1<44>,IOB,IO_L1N_T0_D01_DIN_14,INPUT,LVCMOS18*,14,,,,NONE,,UNLOCATED,NO,NONE,
L1,in2<36>,IOB,IO_L1P_T0_34,INPUT,LVCMOS18*,34,,,,NONE,,UNLOCATED,NO,NONE,
L2,,,GND,,,,,,,,,,,,
L3,in2<39>,IOB,IO_L2N_T0_34,INPUT,LVCMOS18*,34,,,,NONE,,UNLOCATED,NO,NONE,
L4,in2<45>,IOB,IO_L5N_T0_34,INPUT,LVCMOS18*,34,,,,NONE,,UNLOCATED,NO,NONE,
L5,in2<47>,IOB,IO_L6N_T0_VREF_34,INPUT,LVCMOS18*,34,,,,NONE,,UNLOCATED,NO,NONE,
L6,sum<31>,IOB,IO_L6P_T0_34,OUTPUT,LVCMOS18*,34,12,SLOW,,,,UNLOCATED,NO,NONE,
L7,,,VCCINT,,,,,,,,1.0,,,,
L8,,,GND,,,,,,,,,,,,
L9,,,DXN_0,,,,,,,,,,,,
L10,,,DXP_0,,,,,,,,,,,,
L11,,,VCCINT,,,,,,,,1.0,,,,
L12,,,GND,,,,,,,,,,,,
L13,in2<46>,IOB,IO_L6P_T0_FCS_B_14,INPUT,LVCMOS18*,14,,,,NONE,,UNLOCATED,NO,NONE,
L14,in2<38>,IOB,IO_L2P_T0_D02_14,INPUT,LVCMOS18*,14,,,,NONE,,UNLOCATED,NO,NONE,
L15,in2<40>,IOB,IO_L3P_T0_DQS_PUDC_B_14,INPUT,LVCMOS18*,14,,,,NONE,,UNLOCATED,NO,NONE,
L16,sum<26>,IOB,IO_L3N_T0_DQS_EMCCLK_14,OUTPUT,LVCMOS18*,14,12,SLOW,,,,UNLOCATED,NO,NONE,
L17,,,VCCO_14,,,14,,,,,1.80,,,,
L18,in2<42>,IOB,IO_L4P_T0_D04_14,INPUT,LVCMOS18*,14,,,,NONE,,UNLOCATED,NO,NONE,
M1,in2<37>,IOB,IO_L1N_T0_34,INPUT,LVCMOS18*,34,,,,NONE,,UNLOCATED,NO,NONE,
M2,in2<43>,IOB,IO_L4N_T0_34,INPUT,LVCMOS18*,34,,,,NONE,,UNLOCATED,NO,NONE,
M3,sum<27>,IOB,IO_L4P_T0_34,OUTPUT,LVCMOS18*,34,12,SLOW,,,,UNLOCATED,NO,NONE,
M4,sum<1>,IOB,IO_L16P_T2_34,OUTPUT,LVCMOS18*,34,12,SLOW,,,,UNLOCATED,NO,NONE,
M5,,,GND,,,,,,,,,,,,
M6,sum<55>,IOB,IO_L18P_T2_34,OUTPUT,LVCMOS18*,34,12,SLOW,,,,UNLOCATED,NO,NONE,
M7,,,GND,,,,,,,,,,,,
M8,,,VCCINT,,,,,,,,1.0,,,,
M9,,,GND,,,,,,,,,,,,
M10,,,VCCINT,,,,,,,,1.0,,,,
M11,,,GND,,,,,,,,,,,,
M12,,,VCCAUX,,,,,,,,1.8,,,,
M13,sum<32>,IOB,IO_L6N_T0_D08_VREF_14,OUTPUT,LVCMOS18*,14,12,SLOW,,,,UNLOCATED,NO,NONE,
M14,sum<24>,IOB,IO_L2N_T0_D03_14,OUTPUT,LVCMOS18*,14,12,SLOW,,,,UNLOCATED,NO,NONE,
M15,,,GND,,,,,,,,,,,,
M16,sum<39>,IOB,IO_L10P_T1_D14_14,OUTPUT,LVCMOS18*,14,12,SLOW,,,,UNLOCATED,NO,NONE,
M17,sum<40>,IOB,IO_L10N_T1_D15_14,OUTPUT,LVCMOS18*,14,12,SLOW,,,,UNLOCATED,NO,NONE,
M18,sum<28>,IOB,IO_L4N_T0_D05_14,OUTPUT,LVCMOS18*,14,12,SLOW,,,,UNLOCATED,NO,NONE,
N1,in2<41>,IOB,IO_L3N_T0_DQS_34,INPUT,LVCMOS18*,34,,,,NONE,,UNLOCATED,NO,NONE,
N2,sum<25>,IOB,IO_L3P_T0_DQS_34,OUTPUT,LVCMOS18*,34,12,SLOW,,,,UNLOCATED,NO,NONE,
N3,,,VCCO_34,,,34,,,,,1.80,,,,
N4,sum<52>,IOB,IO_L16N_T2_34,OUTPUT,LVCMOS18*,34,12,SLOW,,,,UNLOCATED,NO,NONE,
N5,in2<60>,IOB,IO_L13P_T2_MRCC_34,INPUT,LVCMOS18*,34,,,,NONE,,UNLOCATED,NO,NONE,
N6,sum<56>,IOB,IO_L18N_T2_34,OUTPUT,LVCMOS18*,34,12,SLOW,,,,UNLOCATED,NO,NONE,
N7,,,VCCINT,,,,,,,,1.0,,,,
N8,,,GND,,,,,,,,,,,,
N9,,,VCCINT,,,,,,,,1.0,,,,
N10,,,GND,,,,,,,,,,,,
N11,,,VCCINT,,,,,,,,1.0,,,,
N12,,,GND,,,,,,,,,,,,
N13,,,VCCO_14,,,14,,,,,1.80,,,,
N14,sum<35>,IOB,IO_L8P_T1_D11_14,OUTPUT,LVCMOS18*,14,12,SLOW,,,,UNLOCATED,NO,NONE,
N15,sum<41>,IOB,IO_L11P_T1_SRCC_14,OUTPUT,LVCMOS18*,14,12,SLOW,,,,UNLOCATED,NO,NONE,
N16,sum<42>,IOB,IO_L11N_T1_SRCC_14,OUTPUT,LVCMOS18*,14,12,SLOW,,,,UNLOCATED,NO,NONE,
N17,sum<37>,IOB,IO_L9P_T1_DQS_14,OUTPUT,LVCMOS18*,14,12,SLOW,,,,UNLOCATED,NO,NONE,
N18,,,GND,,,,,,,,,,,,
P1,,,GND,,,,,,,,,,,,
P2,cout,IOB,IO_L15P_T2_DQS_34,OUTPUT,LVCMOS18*,34,12,SLOW,,,,UNLOCATED,NO,NONE,
P3,in2<63>,IOB,IO_L14N_T2_SRCC_34,INPUT,LVCMOS18*,34,,,,NONE,,UNLOCATED,NO,NONE,
P4,in2<62>,IOB,IO_L14P_T2_SRCC_34,INPUT,LVCMOS18*,34,,,,NONE,,UNLOCATED,NO,NONE,
P5,in2<61>,IOB,IO_L13N_T2_MRCC_34,INPUT,LVCMOS18*,34,,,,NONE,,UNLOCATED,NO,NONE,
P6,,,VCCO_34,,,34,,,,,1.80,,,,
P7,,,INIT_B_0,,,,,,,,,,,,
P8,,,CFGBVS_0,,,,,,,,,,,,
P9,,,PROGRAM_B_0,,,,,,,,,,,,
P10,,,DONE_0,,,,,,,,,,,,
P11,,,M2_0,,,,,,,,,,,,
P12,,,M0_0,,,,,,,,,,,,
P13,,,M1_0,,,,,,,,,,,,
P14,sum<36>,IOB,IO_L8N_T1_D12_14,OUTPUT,LVCMOS18*,14,12,SLOW,,,,UNLOCATED,NO,NONE,
P15,sum<45>,IOB,IO_L13P_T2_MRCC_14,OUTPUT,LVCMOS18*,14,12,SLOW,,,,UNLOCATED,NO,NONE,
P16,,,VCCO_14,,,14,,,,,1.80,,,,
P17,sum<43>,IOB,IO_L12P_T1_MRCC_14,OUTPUT,LVCMOS18*,14,12,SLOW,,,,UNLOCATED,NO,NONE,
P18,sum<38>,IOB,IO_L9N_T1_DQS_D13_14,OUTPUT,LVCMOS18*,14,12,SLOW,,,,UNLOCATED,NO,NONE,
R1,sum<53>,IOB,IO_L17P_T2_34,OUTPUT,LVCMOS18*,34,12,SLOW,,,,UNLOCATED,NO,NONE,
R2,sum<0>,IOB,IO_L15N_T2_DQS_34,OUTPUT,LVCMOS18*,34,12,SLOW,,,,UNLOCATED,NO,NONE,
R3,in2<56>,IOB,IO_L11P_T1_SRCC_34,INPUT,LVCMOS18*,34,,,,NONE,,UNLOCATED,NO,NONE,
R4,,,GND,,,,,,,,,,,,
R5,sum<58>,IOB,IO_L19N_T3_VREF_34,OUTPUT,LVCMOS18*,34,12,SLOW,,,,UNLOCATED,NO,NONE,
R6,sum<57>,IOB,IO_L19P_T3_34,OUTPUT,LVCMOS18*,34,12,SLOW,,,,UNLOCATED,NO,NONE,
R7,sum<15>,IOB,IO_L23P_T3_34,OUTPUT,LVCMOS18*,34,12,SLOW,,,,UNLOCATED,NO,NONE,
R8,sum<17>,IOB,IO_L24P_T3_34,OUTPUT,LVCMOS18*,34,12,SLOW,,,,UNLOCATED,NO,NONE,
R9,,,VCCO_0,,,0,,,,,any******,,,,
R10,,IOB33,IO_25_14,UNUSED,,14,,,,,,,,,
R11,in1<42>,IOB,IO_0_14,INPUT,LVCMOS18*,14,,,,NONE,,UNLOCATED,NO,NONE,
R12,in2<44>,IOB,IO_L5P_T0_D06_14,INPUT,LVCMOS18*,14,,,,NONE,,UNLOCATED,NO,NONE,
R13,sum<30>,IOB,IO_L5N_T0_D07_14,OUTPUT,LVCMOS18*,14,12,SLOW,,,,UNLOCATED,NO,NONE,
R14,,,GND,,,,,,,,,,,,
R15,sum<46>,IOB,IO_L13N_T2_MRCC_14,OUTPUT,LVCMOS18*,14,12,SLOW,,,,UNLOCATED,NO,NONE,
R16,sum<49>,IOB,IO_L15P_T2_DQS_RDWR_B_14,OUTPUT,LVCMOS18*,14,12,SLOW,,,,UNLOCATED,NO,NONE,
R17,sum<44>,IOB,IO_L12N_T1_MRCC_14,OUTPUT,LVCMOS18*,14,12,SLOW,,,,UNLOCATED,NO,NONE,
R18,sum<33>,IOB,IO_L7P_T1_D09_14,OUTPUT,LVCMOS18*,14,12,SLOW,,,,UNLOCATED,NO,NONE,
T1,sum<54>,IOB,IO_L17N_T2_34,OUTPUT,LVCMOS18*,34,12,SLOW,,,,UNLOCATED,NO,NONE,
T2,,,VCCO_34,,,34,,,,,1.80,,,,
T3,in2<57>,IOB,IO_L11N_T1_SRCC_34,INPUT,LVCMOS18*,34,,,,NONE,,UNLOCATED,NO,NONE,
T4,in2<59>,IOB,IO_L12N_T1_MRCC_34,INPUT,LVCMOS18*,34,,,,NONE,,UNLOCATED,NO,NONE,
T5,in2<58>,IOB,IO_L12P_T1_MRCC_34,INPUT,LVCMOS18*,34,,,,NONE,,UNLOCATED,NO,NONE,
T6,sum<16>,IOB,IO_L23N_T3_34,OUTPUT,LVCMOS18*,34,12,SLOW,,,,UNLOCATED,NO,NONE,
T7,,,GND,,,,,,,,,,,,
T8,sum<18>,IOB,IO_L24N_T3_34,OUTPUT,LVCMOS18*,34,12,SLOW,,,,UNLOCATED,NO,NONE,
T9,,IOB33M,IO_L24P_T3_A01_D17_14,UNUSED,,14,,,,,,,,,
T10,,IOB33S,IO_L24N_T3_A00_D16_14,UNUSED,,14,,,,,,,,,
T11,sum<7>,IOB,IO_L19P_T3_A10_D26_14,OUTPUT,LVCMOS18*,14,12,SLOW,,,,UNLOCATED,NO,NONE,
T12,,,VCCO_14,,,14,,,,,1.80,,,,
T13,,IOB33M,IO_L23P_T3_A03_D19_14,UNUSED,,14,,,,,,,,,
T14,sum<47>,IOB,IO_L14P_T2_SRCC_14,OUTPUT,LVCMOS18*,14,12,SLOW,,,,UNLOCATED,NO,NONE,
T15,sum<48>,IOB,IO_L14N_T2_SRCC_14,OUTPUT,LVCMOS18*,14,12,SLOW,,,,UNLOCATED,NO,NONE,
T16,sum<50>,IOB,IO_L15N_T2_DQS_DOUT_CSO_B_14,OUTPUT,LVCMOS18*,14,12,SLOW,,,,UNLOCATED,NO,NONE,
T17,,,GND,,,,,,,,,,,,
T18,sum<34>,IOB,IO_L7N_T1_D10_14,OUTPUT,LVCMOS18*,14,12,SLOW,,,,UNLOCATED,NO,NONE,
U1,in2<48>,IOB,IO_L7P_T1_34,INPUT,LVCMOS18*,34,,,,NONE,,UNLOCATED,NO,NONE,
U2,in2<52>,IOB,IO_L9P_T1_DQS_34,INPUT,LVCMOS18*,34,,,,NONE,,UNLOCATED,NO,NONE,
U3,in2<51>,IOB,IO_L8N_T1_34,INPUT,LVCMOS18*,34,,,,NONE,,UNLOCATED,NO,NONE,
U4,in2<50>,IOB,IO_L8P_T1_34,INPUT,LVCMOS18*,34,,,,NONE,,UNLOCATED,NO,NONE,
U5,,,VCCO_34,,,34,,,,,1.80,,,,
U6,sum<14>,IOB,IO_L22N_T3_34,OUTPUT,LVCMOS18*,34,12,SLOW,,,,UNLOCATED,NO,NONE,
U7,sum<63>,IOB,IO_L22P_T3_34,OUTPUT,LVCMOS18*,34,12,SLOW,,,,UNLOCATED,NO,NONE,
U8,sum<19>,IOB,IO_25_34,OUTPUT,LVCMOS18*,34,12,SLOW,,,,UNLOCATED,NO,NONE,
U9,sum<61>,IOB,IO_L21P_T3_DQS_34,OUTPUT,LVCMOS18*,34,12,SLOW,,,,UNLOCATED,NO,NONE,
U10,,,GND,,,,,,,,,,,,
U11,sum<8>,IOB,IO_L19N_T3_A09_D25_VREF_14,OUTPUT,LVCMOS18*,14,12,SLOW,,,,UNLOCATED,NO,NONE,
U12,sum<9>,IOB,IO_L20P_T3_A08_D24_14,OUTPUT,LVCMOS18*,14,12,SLOW,,,,UNLOCATED,NO,NONE,
U13,,IOB33S,IO_L23N_T3_A02_D18_14,UNUSED,,14,,,,,,,,,
U14,sum<13>,IOB,IO_L22P_T3_A05_D21_14,OUTPUT,LVCMOS18*,14,12,SLOW,,,,UNLOCATED,NO,NONE,
U15,,,VCCO_14,,,14,,,,,1.80,,,,
U16,sum<5>,IOB,IO_L18P_T2_A12_D28_14,OUTPUT,LVCMOS18*,14,12,SLOW,,,,UNLOCATED,NO,NONE,
U17,sum<3>,IOB,IO_L17P_T2_A14_D30_14,OUTPUT,LVCMOS18*,14,12,SLOW,,,,UNLOCATED,NO,NONE,
U18,sum<4>,IOB,IO_L17N_T2_A13_D29_14,OUTPUT,LVCMOS18*,14,12,SLOW,,,,UNLOCATED,NO,NONE,
V1,in2<49>,IOB,IO_L7N_T1_34,INPUT,LVCMOS18*,34,,,,NONE,,UNLOCATED,NO,NONE,
V2,in2<53>,IOB,IO_L9N_T1_DQS_34,INPUT,LVCMOS18*,34,,,,NONE,,UNLOCATED,NO,NONE,
V3,,,GND,,,,,,,,,,,,
V4,in2<55>,IOB,IO_L10N_T1_34,INPUT,LVCMOS18*,34,,,,NONE,,UNLOCATED,NO,NONE,
V5,in2<54>,IOB,IO_L10P_T1_34,INPUT,LVCMOS18*,34,,,,NONE,,UNLOCATED,NO,NONE,
V6,sum<60>,IOB,IO_L20N_T3_34,OUTPUT,LVCMOS18*,34,12,SLOW,,,,UNLOCATED,NO,NONE,
V7,sum<59>,IOB,IO_L20P_T3_34,OUTPUT,LVCMOS18*,34,12,SLOW,,,,UNLOCATED,NO,NONE,
V8,,,VCCO_34,,,34,,,,,1.80,,,,
V9,sum<62>,IOB,IO_L21N_T3_DQS_34,OUTPUT,LVCMOS18*,34,12,SLOW,,,,UNLOCATED,NO,NONE,
V10,sum<11>,IOB,IO_L21P_T3_DQS_14,OUTPUT,LVCMOS18*,14,12,SLOW,,,,UNLOCATED,NO,NONE,
V11,sum<12>,IOB,IO_L21N_T3_DQS_A06_D22_14,OUTPUT,LVCMOS18*,14,12,SLOW,,,,UNLOCATED,NO,NONE,
V12,sum<10>,IOB,IO_L20N_T3_A07_D23_14,OUTPUT,LVCMOS18*,14,12,SLOW,,,,UNLOCATED,NO,NONE,
V13,,,GND,,,,,,,,,,,,
V14,,IOB33S,IO_L22N_T3_A04_D20_14,UNUSED,,14,,,,,,,,,
V15,sum<51>,IOB,IO_L16P_T2_CSI_B_14,OUTPUT,LVCMOS18*,14,12,SLOW,,,,UNLOCATED,NO,NONE,
V16,sum<2>,IOB,IO_L16N_T2_A15_D31_14,OUTPUT,LVCMOS18*,14,12,SLOW,,,,UNLOCATED,NO,NONE,
V17,sum<6>,IOB,IO_L18N_T2_A11_D27_14,OUTPUT,LVCMOS18*,14,12,SLOW,,,,UNLOCATED,NO,NONE,
V18,,,VCCO_14,,,14,,,,,1.80,,,,

# -----,-----,-----,-----,-----,-----,-----,-----,-----,-----,-----,-----,-----,-----,-----,
# 
#* Default value.
#** This default Pullup/Pulldown value can be overridden in Bitgen. 
#All RSVD_0 pins must be tied to GROUND.
#****** Special VCCO requirements may apply. Please consult the device 
#       family datasheet for specific guideline on VCCO requirements. 
#
#
#